{
    "square": {
        "x": -25.347290039062454,
        "y": 105.33020019531216,
        "z": 97.04116821289165,
        "finger": 76.35177612304688
    },
    "x": null,
    "circle": null,
    "triangle": null
}
