{
    "square": {
        "base": 88.5,
        "shoulder": 76.80526733398438,
        "elbow": -12.1143798828125,
        "gripper": 125.00000000000001
    },
    "x": {
        "base": 88.5,
        "shoulder": 76.80526733398438,
        "elbow": -64.01226806640629,
        "gripper": 125.00000000000001
    },
    "circle": {
        "base": -88.16717529296875,
        "shoulder": 76.80526733398438,
        "elbow": -5.501831054687557,
        "gripper": 125.00000000000001
    },
    "triangle": {
        "base": -88.16717529296875,
        "shoulder": 76.80526733398438,
        "elbow": -42.20562744140631,
        "gripper": 125.00000000000001
    }
}
